epsilon,sample_index,delta_change_deg,J_change,unphysical
0.0001,0,-0.00024480172049479165,-1.6279820215167606e-07,True
0.0001,1,-0.00011946710535326588,-2.262276539294339e-07,True
0.0001,2,8.195615759376551e-06,1.6296142369559563e-08,True
0.0001,3,-0.00016824746429122683,-2.294955194145909e-07,True
0.0001,4,0.00020084873523273927,3.0578362264672976e-07,True
0.0001,5,9.253605037073953e-05,-5.657957894214527e-08,True
0.0001,6,0.00011547426129254745,-5.3705983131188684e-08,True
0.0001,7,1.1938117840060158e-05,3.311793783655759e-08,True
0.0001,8,-9.611312531987437e-05,-3.2098990276202555e-07,True
0.0001,9,-4.1007850345664565e-05,-3.982040371053319e-09,True
0.0001,10,-6.024391312209332e-05,6.476121821794023e-08,True
0.0001,11,-0.0001457547512018209,-9.983931728921314e-08,True
0.0001,12,0.00011415169793949076,1.0038920214214264e-07,True
0.0001,13,-3.038042599357027e-05,1.2176164523869382e-07,True
0.0001,14,0.00015029976121994082,2.1793485845827965e-08,True
0.0001,15,6.036162594469374e-05,2.8187346828162374e-07,True
0.0001,16,9.188357766376498e-05,1.6339527634384732e-07,True
0.0001,17,0.00018637015235256627,-1.3305258280554844e-08,True
0.0001,18,0.00013161476945811046,4.603935564520545e-07,True
0.0001,19,0.00010515524035881185,1.3508197139848466e-07,True
0.0001,20,-8.470914638891713e-05,-3.562065391364555e-07,True
0.0001,21,0.00020806800103656542,3.458706017717833e-07,True
0.0001,22,-0.00022123212748681453,4.0208115333756345e-08,True
0.0001,23,-0.00018572902541436065,-2.0987323035709382e-08,True
0.0001,24,1.1212451031639148e-05,2.8497087019990763e-07,True
0.0001,25,0.0001918732561954073,5.180431952508946e-08,True
0.0001,26,0.0001888720968850066,2.386024464499925e-07,True
0.0001,27,-4.3287108425715815e-05,-4.9184099385271574e-08,True
0.0001,28,-0.00011211525226784147,-5.981882928926541e-08,True
0.0001,29,0.000198276746882442,3.757343930398116e-07,True
0.0001,30,0.0001620686970937868,2.83900506129961e-07,True
0.0001,31,0.00018712492589045837,2.717784510948562e-07,True
0.0001,32,1.6572686625693223e-05,2.684129490164444e-07,True
0.0001,33,-0.00035947394339430616,-4.706285321471465e-07,True
0.0001,34,-0.00022622825454021722,-1.787807556545562e-07,True
0.0001,35,2.973287963925486e-05,-4.6444060909645035e-08,True
0.0001,36,0.00014979985577312505,3.69594390453587e-07,True
0.0001,37,0.00027963719136181453,2.9464877954188395e-07,True
0.0001,38,-2.719542875340153e-05,1.0000403186105622e-08,True
0.0001,39,-0.00011619479248992093,8.018112167273994e-09,True
0.0001,40,4.954091279074646e-05,3.723806659382267e-08,True
0.0001,41,-6.604595838766159e-05,-8.714546259440403e-08,True
0.0001,42,3.3810126645050786e-06,-7.817226136894173e-08,True
0.0001,43,-0.00016696324546572328,-3.7275330431497944e-07,True
0.0001,44,8.399582010909512e-05,-1.2520210021516043e-08,True
0.0001,45,0.0001568468567079151,8.049129695923696e-08,True
0.0001,46,-9.344028850932773e-05,-1.6016547346904553e-07,True
0.0001,47,-0.00040453448650623614,-2.465112824649035e-07,True
0.0001,48,0.00025058134373523444,3.646100149787279e-07,True
0.0001,49,0.0001331525963088609,3.4816990960098715e-07,True
0.0001,50,-0.00022311110300066161,-2.9864681077261535e-07,True
0.0001,51,-0.00022908891480710736,-2.7545185697294694e-07,True
0.0001,52,-0.00025863361858213807,-5.290115478312485e-07,True
0.0001,53,1.8477027701635507e-05,-3.062348520876945e-07,True
0.0001,54,-3.128600766189038e-05,-6.383615915039886e-08,True
0.0001,55,1.242138868207121e-05,1.334747142117676e-07,True
0.0001,56,0.00030031290964060986,2.926634903848563e-07,True
0.0001,57,-1.5695272910676294e-05,2.7450181206215007e-08,True
0.0001,58,9.412331763769544e-05,1.036481752508811e-07,True
0.0001,59,0.00012441500102156056,8.525934116349054e-08,True
0.0001,60,0.00011344381711353435,1.438637159227596e-07,True
0.0001,61,9.943459144423628e-05,6.85239124574577e-08,True
0.0001,62,-9.469734372302696e-05,-2.5848177476021916e-07,True
0.0001,63,2.8968054426314893e-05,-1.2689899938148064e-08,True
0.0001,64,-0.0001355996767706813,-1.9979527209404435e-07,True
0.0001,65,4.5811959811459246e-05,-1.1519329764196617e-07,True
0.0001,66,-5.5059973583126975e-05,-1.2627811901005925e-07,True
0.0001,67,-3.285568863731214e-05,-6.762101958240896e-09,True
0.0001,68,0.00020318514050998715,3.6193524280067613e-07,True
0.0001,69,-0.0002292355361177556,-4.208354876435866e-07,True
0.0001,70,-0.00010734170092163708,-1.3135300641967107e-07,True
0.0001,71,-0.0003152499963370303,-3.5533905319573567e-07,True
0.0001,72,3.502525082765828e-05,-5.01786712216179e-08,True
0.0001,73,-3.1674914357182615e-05,-2.941787345493718e-07,True
0.0001,74,-2.7786012175567976e-05,-1.57609397338776e-07,True
0.0001,75,3.2911486904652065e-06,-1.6676425616812818e-07,True
0.0001,76,-2.1844478791166466e-05,-3.0064390448003575e-07,True
0.0001,77,-0.0002411313568408957,-3.124028370923848e-07,True
0.0001,78,1.638038501283745e-06,-1.5000522409630568e-07,True
0.0001,79,0.00012639507249900817,1.3476256702400768e-07,True
0.0001,80,-0.00028778054712930157,-2.2028421834720258e-07,True
0.0001,81,-3.300668038264121e-05,-7.405150357839285e-08,True
0.0001,82,0.00011258482114229196,1.8657758686993486e-07,True
0.0001,83,4.26593633555683e-05,1.9240812980728106e-07,True
0.0001,84,0.0001959837728087166,1.8097072279274484e-07,True
0.0001,85,0.00023656316189146764,-4.197925719193196e-08,True
0.0001,86,3.423234673505249e-06,1.948650113874073e-07,True
0.0001,87,0.00019381418048425303,6.449028861453543e-08,True
0.0001,88,0.00032905463259425005,2.186911848868489e-07,True
0.0001,89,-0.0003421738753885961,-3.160263802454155e-07,True
0.0001,90,-5.756091745467984e-05,7.158924111502762e-08,True
0.0001,91,-0.0003393951193118028,-4.778198246738891e-07,True
0.0001,92,0.00024985867672100426,4.989306846905905e-07,True
0.0001,93,0.00010975948882574471,7.60068699732358e-08,True
0.0001,94,-2.886823225978219e-05,-1.8744442267619454e-07,True
0.0001,95,9.995158238140789e-05,1.6463149338230565e-07,True
0.0001,96,1.793369470703965e-06,2.3673419952824348e-07,True
0.0001,97,0.00035166778250683706,2.8888275408964215e-07,True
0.0001,98,-1.780930540817849e-05,-2.3269640288259286e-07,True
0.0001,99,-2.631765623206661e-05,-1.60332434426258e-07,True
0.0001,100,8.207072016830352e-05,4.253807433379775e-08,True
0.0001,101,3.8729738349729814e-05,1.6815234130454493e-07,True
0.0001,102,-5.8673045064239204e-05,-2.5941264945178455e-07,True
0.0001,103,-0.0001457548655849905,2.8506900316867256e-07,True
0.0001,104,0.00016459421938108676,-2.68454315235922e-08,True
0.0001,105,-0.00020355125109361438,-3.2407408290593964e-07,True
0.0001,106,0.00014732441687925757,3.326968664243979e-07,True
0.0001,107,-0.00023029480450631468,-1.4824928467119247e-07,True
0.0001,108,7.522103329549168e-05,-5.394711519862705e-08,True
0.0001,109,-3.173632028108386e-05,2.658944069436342e-08,True
0.0001,110,0.00014816982623955255,2.219076355065852e-07,True
0.0001,111,1.0120980849848138e-05,-1.5357527125003934e-09,True
0.0001,112,5.859988143086525e-05,4.3170388776617163e-07,True
0.0001,113,0.0002661462354112132,3.2347083735000115e-07,True
0.0001,114,0.0004545202706722762,5.640124347769393e-07,True
0.0001,115,-4.8649325655958364e-05,-1.812132282372897e-07,True
0.0001,116,-0.00021337722465020192,7.371629255625844e-08,True
0.0001,117,6.244509891217831e-05,1.6543428617982192e-07,True
0.0001,118,0.00011471568820198286,2.2215031296457521e-07,True
0.0001,119,8.89296155399677e-05,-1.425050590933563e-07,True
0.0001,120,-0.00019668810988804353,-1.3433793824048357e-07,True
0.0001,121,0.00021206539692286697,-1.5413145597852063e-07,True
0.0001,122,-0.00013045318277349338,-1.7794228331785567e-07,True
0.0001,123,-0.00013270859923153466,-1.5638765560321843e-09,True
0.0001,124,-0.00015283659417164586,-2.1756363582231542e-07,True
0.0001,125,0.00014313154529332905,3.0830222415637043e-07,True
0.0001,126,0.00014064453752737904,4.0349586272539484e-07,True
0.0001,127,0.00039519350999484004,5.892063070622039e-07,True
0.0001,128,-0.00012394767774992488,-1.1235890248414981e-07,True
0.0001,129,0.00013631199759700507,4.73725127783306e-07,True
0.0001,130,-3.5814070194817305e-05,1.5197710486955507e-07,True
0.0001,131,-0.00026671263139022017,-5.263064226899983e-07,True
0.0001,132,-0.00018455461065869372,-2.856262091999878e-07,True
0.0001,133,0.0002593074255621275,9.217923704375741e-08,True
0.0001,134,3.118170408811238e-05,1.2713611111624112e-07,True
0.0001,135,0.00016376380517613143,-1.837580027377883e-08,True
0.0001,136,-7.353673732168886e-05,-7.637846643863966e-08,True
0.0001,137,-7.750204301970598e-05,-1.0444963692221587e-07,True
0.0001,138,0.00018100338444781983,1.9854868194696396e-07,True
0.0001,139,-0.00026844117937230294,-5.025814041482307e-07,True
0.0001,140,-7.481425129185482e-05,-4.7499830676395183e-07,True
0.0001,141,0.00036529986104127943,4.760095007397269e-07,True
0.0001,142,-0.00016295767808571782,-3.058229104818677e-07,True
0.0001,143,5.474385800852133e-05,-1.0041767604593299e-07,True
0.0001,144,4.488553586412536e-05,-1.0192474632873816e-07,True
0.0001,145,3.4046564536538426e-05,3.3392676897919804e-07,True
0.0001,146,0.00023911896910533414,4.38564955504428e-07,True
0.0001,147,-0.0002989361762182341,-2.501571822605131e-08,True
0.0001,148,0.00015287078515058283,4.813149096886959e-07,True
0.0001,149,4.130206893648847e-05,-1.8154360112085377e-07,True
0.0001,150,-0.00017344064031377115,-1.9869643867048703e-07,True
0.0001,151,9.484738661669212e-05,-5.709774869924744e-08,True
0.0001,152,4.374039899701643e-05,6.353087852323247e-08,True
0.0001,153,0.00012095018810143188,-7.998776977574673e-08,True
0.0001,154,0.0001462583218305724,4.170374607453953e-08,True
0.0001,155,-1.2964793445036094e-05,-7.850029378267398e-09,True
0.0001,156,-0.00018192772387948253,-2.0107283855638758e-07,True
0.0001,157,-6.273518787125454e-05,-1.8902365837153434e-07,True
0.0001,158,-0.00011044691108352822,6.525798301737495e-08,True
0.0001,159,6.632389418115281e-05,-1.9073493201515745e-09,True
0.0001,160,-2.3814626473495082e-05,2.6839932047717507e-08,True
0.0001,161,-0.0002213368746346589,-2.0489016020440454e-07,True
0.0001,162,0.00013395063732701828,1.348723339192337e-07,True
0.0001,163,-0.00015330268786328816,-3.0191946981568407e-07,True
0.0001,164,0.00033841246602506203,3.6090927550171126e-07,True
0.0001,165,-7.14146670226512e-05,-7.691602085975469e-08,True
0.0001,166,-4.259313587695601e-05,3.6654037234226666e-08,True
0.0001,167,-0.00021791007200633317,-1.2315242399474347e-07,True
0.0001,168,-0.00016685170560393203,-5.383632145465611e-08,True
0.0001,169,-4.628658853889078e-05,8.653562259472447e-08,True
0.0001,170,1.1259916561812133e-05,1.4123361213175256e-09,True
0.0001,171,-8.689132669204014e-05,-1.790682846256747e-07,True
0.0001,172,-0.00016773586022722498,5.282579337156923e-08,True
0.0001,173,-0.0001542257028148697,-1.0568376960888581e-07,True
0.0001,174,-0.0001749853599584128,-2.5509453687594386e-07,True
0.0001,175,3.429976233704224e-05,4.526253056733043e-08,True
0.0001,176,6.208286849584965e-05,1.361821031775623e-07,True
0.0001,177,-0.00028062681104046305,-3.678400280864025e-07,True
0.0001,178,-0.00030615645928122603,-3.3553559989490944e-07,True
0.0001,179,0.00017044090636986198,2.1901841359105167e-07,True
0.0001,180,-0.00015107334117558935,-2.5571764076387504e-07,True
0.0001,181,-0.0001423876755310971,-1.8628659221101018e-07,True
0.0001,182,0.00013718062241707685,2.7151201593619834e-07,True
0.0001,183,-3.0370061256945746e-05,2.2915759699711213e-07,True
0.0001,184,-7.793464684269225e-05,-3.410046259949562e-08,True
0.0001,185,9.892108751685669e-05,-5.1698480971890115e-08,True
0.0001,186,-0.0003079868313236034,-1.4357716113938546e-07,True
0.0001,187,-0.00012621228497522452,-6.046774798582066e-08,True
0.0001,188,8.739348427511118e-05,-6.848912565554643e-10,True
0.0001,189,-8.939693326937004e-05,3.3719411261443066e-08,True
0.0001,190,-1.849107432505548e-05,-5.440358954306168e-08,True
0.0001,191,-3.7716275446797454e-05,-1.3826101350616904e-07,True
0.0001,192,8.726323195418217e-05,-8.530235634865435e-08,True
0.0001,193,-0.0001486832599297827,-1.0459365281170752e-07,True
0.0001,194,8.653241875933304e-05,5.924109524463317e-08,True
0.0001,195,7.116337311785514e-05,2.976900956176004e-07,True
0.0001,196,0.00022344781718430795,4.105051235082924e-07,True
0.0001,197,-3.508106112093401e-05,-1.903730553753924e-07,True
0.0001,198,-3.6517316011952516e-05,1.4060821568531723e-07,True
0.0001,199,0.00020557935406273486,2.940299180988898e-07,True
0.0005,0,0.001272980334462659,2.100980909951894e-06,True
0.0005,1,-0.0009172961021839399,-8.310331168631668e-07,True
0.0005,2,0.0011091599532910834,2.132936102428387e-06,True
0.0005,3,0.0009327076876814999,4.97555246482817e-08,True
0.0005,4,-0.0019523849896145862,-2.219894072154338e-06,True
0.0005,5,0.0003938196556703133,7.715172112426893e-07,True
0.0005,6,-0.001006241088365556,-8.189452627930388e-07,True
0.0005,7,-0.0003442533787954005,-4.855260558149499e-07,True
0.0005,8,-0.0006008824928720458,-3.396781123529702e-07,True
0.0005,9,-0.00047968538742892974,-1.4661117814021574e-06,True
0.0005,10,0.000517761547680351,1.4243872177924222e-06,True
0.0005,11,-0.0004991241883374187,8.768685363959305e-07,True
0.0005,12,0.0004594137668334497,1.0503507170446513e-06,True
0.0005,13,-0.0007412019310422124,-1.9338692832729376e-06,True
0.0005,14,0.000566477173794766,1.8680504840218326e-07,True
0.0005,15,-0.00026110608973439753,8.460952515172704e-07,True
0.0005,16,-0.0008823093660481618,-9.132000998047368e-07,True
0.0005,17,-0.0004399408632558277,-1.2235044401370798e-06,True
0.0005,18,-0.0003477342334150535,-1.7790595104212603e-07,True
0.0005,19,-0.00014915463299658427,1.1708041574992611e-06,True
0.0005,20,-0.0006698977914396664,-2.885167901395258e-07,True
0.0005,21,0.000488699721326924,4.82377790307284e-07,True
0.0005,22,0.0012300290686582116,1.075352947198932e-06,True
0.0005,23,2.902864945752981e-05,4.5845005876635203e-07,True
0.0005,24,0.0006365667538439368,-6.298412107818424e-07,True
0.0005,25,0.0007889931943800832,1.7495958212088852e-06,True
0.0005,26,4.2704837497353765e-06,-2.6637504930877853e-06,True
0.0005,27,-0.001172728047048821,-1.0253554148173527e-06,True
0.0005,28,0.0009162060251455273,-5.896828861144676e-08,True
0.0005,29,-0.0012794443220691676,-1.2845617477705296e-06,True
0.0005,30,-0.00012423869274513777,-3.381103442241101e-07,True
0.0005,31,0.00047674243832673824,1.306135054498364e-06,True
0.0005,32,-8.632358303728438e-05,-3.0981696537077386e-07,True
0.0005,33,-0.00010323081493623931,-6.129111448111707e-07,True
0.0005,34,0.0005849966113657956,3.66122434803523e-07,True
0.0005,35,0.0011100133899866194,5.380901634301216e-07,True
0.0005,36,0.0011206182958645172,1.42841684809894e-06,True
0.0005,37,-0.0004885397533413993,-4.3237912690161084e-07,True
0.0005,38,0.0011500690178074535,1.6942446448495185e-06,True
0.0005,39,0.00016260384196797872,-8.909777824417375e-07,True
0.0005,40,7.71177489866659e-05,1.6907553697428218e-06,True
0.0005,41,0.0010436963439488522,2.8410732122972904e-07,True
0.0005,42,-0.0006203357881631177,7.34300511402719e-08,True
0.0005,43,0.0001180725376350722,1.6059102648010443e-06,True
0.0005,44,0.0005737898017343923,3.069913783321221e-07,True
0.0005,45,-0.0011014329156004976,-5.113650526876456e-07,True
0.0005,46,0.0012093351357478355,7.343572213033833e-07,True
0.0005,47,-0.00046010171099553077,-1.0757082852391742e-06,True
0.0005,48,0.00044095568965119014,-3.425432422085595e-08,True
0.0005,49,0.0003701053758149442,-2.5440892063161025e-07,True
0.0005,50,-0.00017377214268776697,1.3460709286060302e-06,True
0.0005,51,-0.0008452354229326886,4.1478498327696123e-07,True
0.0005,52,-0.002296733277837859,-2.494932712295006e-06,True
0.0005,53,-0.00067972674110095,-1.3026341847272027e-06,True
0.0005,54,0.00033435097355294374,1.9068341222082397e-06,True
0.0005,55,-0.0007951913979482583,-1.4106802284936243e-06,True
0.0005,56,-0.00019411606473340726,-1.6479371658002784e-06,True
0.0005,57,0.000587278372240263,2.223620756075864e-06,True
0.0005,58,0.0013356951716581023,7.06805901150992e-08,True
0.0005,59,0.0004921482444579794,5.080552805437899e-07,True
0.0005,60,-0.0007014576332267097,-1.1476522399182787e-06,True
0.0005,61,-0.0005694418592767647,-5.107744271738712e-07,True
0.0005,62,0.0014746523044237847,3.3859602920800758e-06,True
0.0005,63,-0.0005583544097653714,-5.040697874224981e-07,True
0.0005,64,0.0008521023554202145,1.8902864385404727e-06,True
0.0005,65,0.0016709925178588492,1.0884559341704098e-06,True
0.0005,66,-0.00046299537983429673,-7.40448134764482e-07,True
0.0005,67,-0.0003998240951048615,-8.751573377929756e-07,True
0.0005,68,0.002165089121742625,1.8070173916796134e-06,True
0.0005,69,-0.0004013378377081267,1.0314493424836563e-06,True
0.0005,70,0.0013080165914729491,1.9379745386828573e-06,True
0.0005,71,-2.9492068801317828e-05,-1.7373336166567888e-07,True
0.0005,72,0.0008926509386775194,-4.788018297206126e-07,True
0.0005,73,-0.0007353220111561143,-1.4179808367070779e-06,True
0.0005,74,-7.74988776122143e-05,-1.001303366054973e-06,True
0.0005,75,0.00041790026955368376,4.782624623157067e-07,True
0.0005,76,0.0013594296832302177,1.6753760795906736e-06,True
0.0005,77,0.0007053774913892141,-6.797916152698202e-07,True
0.0005,78,-0.0010407813248498599,-1.0445637380791795e-06,True
0.0005,79,-0.001376885445875331,-6.633726528509909e-07,True
0.0005,80,-0.0023303832607730612,-3.138363907809888e-06,True
0.0005,81,0.0005413522934532011,4.451412358892626e-07,True
0.0005,82,0.00041811991382800784,-9.146967055867483e-07,True
0.0005,83,-0.00015348739725951077,-6.188363248539608e-07,True
0.0005,84,-0.00025515870422410103,-7.216928159595182e-07,True
0.0005,85,-0.0003081452318944855,4.1140594337490954e-08,True
0.0005,86,-0.0015606371710319422,-2.136557456493965e-06,True
0.0005,87,0.00032321154117909145,1.9395891577150826e-06,True
0.0005,88,-6.896264238065442e-05,1.048096094115325e-07,True
0.0005,89,0.001452645871022895,2.2116160569591453e-06,True
0.0005,90,0.0002720845101187308,-6.657806215157325e-07,True
0.0005,91,0.0010668197688694647,1.4295910965422126e-06,True
0.0005,92,-0.00036738042352624234,2.6695953411759454e-07,True
0.0005,93,0.0006077002753670513,1.0115427520104164e-06,True
0.0005,94,0.00024268655613468582,-4.787851197313175e-07,True
0.0005,95,0.0012328820838796162,5.538123853017496e-07,True
0.0005,96,0.0009348591435767162,1.3086483091652445e-06,True
0.0005,97,-0.0018990940038996484,-1.1593149062544272e-06,True
0.0005,98,0.00021623205772058895,1.114261952501333e-06,True
0.0005,99,0.0007522872032161843,-5.343114886542655e-07,True
0.0005,100,0.00027276243300988767,5.72351792696435e-10,True
0.0005,101,0.0010047964410659915,-1.9603216307173543e-09,True
0.0005,102,0.001203343394323042,1.4198194585209045e-06,True
0.0005,103,-0.00044511230100141574,-3.3364447942288433e-07,True
0.0005,104,0.00014931947523422195,1.6512986515462846e-06,True
0.0005,105,-0.0002809600112847477,-9.7785214245652e-07,True
0.0005,106,6.263318020671704e-05,5.13453279782361e-07,True
0.0005,107,0.0017890813123742078,9.825717387917932e-07,True
0.0005,108,-0.0005107383682947386,1.439101677833468e-06,True
0.0005,109,0.0006152983478386886,-8.745436146685714e-07,True
0.0005,110,0.0007616446787928055,1.307026136449646e-06,True
0.0005,111,-0.001884227011842654,-5.104365834035507e-07,True
0.0005,112,0.001306522335717375,9.622019803944004e-07,True
0.0005,113,5.717266173377311e-06,2.1614089042859552e-08,True
0.0005,114,0.0003252305236394193,3.196995352078985e-07,True
0.0005,115,-0.0015828113725575577,-2.1381266767234175e-06,True
0.0005,116,0.0006464264518193374,1.3901362878286638e-06,True
0.0005,117,0.0020716999139303027,1.2835905212685295e-06,True
0.0005,118,0.0009833490718378357,1.4036744922264754e-06,True
0.0005,119,0.00021373343559361047,8.959873456174799e-07,True
0.0005,120,-0.0009241378196165329,-5.6279979331747e-07,True
0.0005,121,-0.0006466772118614017,-6.1867497715834e-07,True
0.0005,122,0.0007375456113933865,6.656467131486987e-07,True
0.0005,123,0.0009705023401522794,2.9262549919133185e-07,True
0.0005,124,-0.0009254368946258751,-5.295996260389069e-07,True
0.0005,125,0.0007534192693690045,1.344279429334183e-07,True
0.0005,126,-0.0006244422780490311,-1.577778428567267e-07,True
0.0005,127,-0.00103278669021023,-4.881546402709519e-07,True
0.0005,128,-0.00018517794761407913,7.461875349036584e-08,True
0.0005,129,0.0006984410915542583,8.983632879822068e-07,True
0.0005,130,0.0005621799462645072,4.284993561885775e-07,True
0.0005,131,-8.868565472752721e-05,-6.016418900890719e-07,True
0.0005,132,0.0001234433582126826,1.200255188923624e-06,True
0.0005,133,0.0002587935964832866,-1.0607176987101341e-07,True
0.0005,134,0.00013896273152980143,-3.4932960350265996e-07,True
0.0005,135,-0.0007316024386092579,-1.3547811427601364e-06,True
0.0005,136,-0.0015773019158480395,-4.240845682852712e-07,True
0.0005,137,-0.000616463835875436,-4.2857328376444404e-07,True
0.0005,138,9.157829439843113e-05,-6.749504874396101e-07,True
0.0005,139,-0.0005106935135330559,-3.4265257231602675e-07,True
0.0005,140,0.0002685541023481619,-3.659278827849305e-07,True
0.0005,141,-0.0005287377356779643,-1.1948417207030548e-07,True
0.0005,142,-0.0003998442732822127,2.7192423122240905e-07,True
0.0005,143,0.0005561040334143286,-7.859914415223046e-07,True
0.0005,144,-0.0005623196774848793,-9.481956903499567e-08,True
0.0005,145,-0.000966348859510191,-1.7949868738389996e-06,True
0.0005,146,-0.0008605250146835886,-1.1754094705104107e-06,True
0.0005,147,-0.00019906685666271073,-7.215779455407856e-07,True
0.0005,148,-0.0008555219010197845,-1.1955612923292974e-06,True
0.0005,149,6.722520415891609e-05,-1.3158936663405785e-06,True
0.0005,150,-0.00035902580551905316,1.0019256285881406e-06,True
0.0005,151,-0.0006226835189870883,-2.243444208495371e-07,True
0.0005,152,-0.0002805385605846311,1.533578149609527e-07,True
0.0005,153,0.0015260516751709474,1.679988538803856e-06,True
0.0005,154,-0.00047376469893123385,-7.473588052239744e-09,True
0.0005,155,-0.00016035225743493697,-1.4211947853282059e-07,True
0.0005,156,0.0008067997668206317,1.7136718845726928e-06,True
0.0005,157,-0.0008856600350490851,-1.2035581283594693e-06,True
0.0005,158,-0.0005409396248907683,8.467282545145116e-07,True
0.0005,159,-0.0015075565543725133,-1.9045137333081191e-06,True
0.0005,160,-0.0007798038048782985,-8.160799977938171e-07,True
0.0005,161,-0.00033222241534147656,-1.0360478101024972e-06,True
0.0005,162,-0.00022063384492199134,1.2370694534406812e-06,True
0.0005,163,-0.0011158839897120743,-1.6815085124594759e-06,True
0.0005,164,0.0015349825581054688,3.1264307630285426e-07,True
0.0005,165,-0.0004354080906594504,5.122172873298775e-07,True
0.0005,166,0.0003974856391977255,4.270263766446847e-07,True
0.0005,167,0.001716718935657724,1.644457079849962e-06,True
0.0005,168,-8.313026995310224e-05,-9.371566878618037e-07,True
0.0005,169,0.000701258019173423,3.156299403454105e-07,True
0.0005,170,0.000550408798691393,-6.558986792616628e-07,True
0.0005,171,-7.466511002007792e-05,-6.451661990723723e-07,True
0.0005,172,0.001167943950591166,1.7285169972274667e-06,True
0.0005,173,-0.001188811144274382,-2.4001594494706124e-06,True
0.0005,174,-0.00023807993625268864,5.148082681729477e-07,True
0.0005,175,0.0006641453289546462,-1.2527978088955338e-08,True
0.0005,176,0.000431666186859303,-1.0283251314704978e-07,True
0.0005,177,-0.001427046506851326,-1.3280299792188532e-06,True
0.0005,178,0.0005017759239578368,1.3232561435622126e-06,True
0.0005,179,0.0006777515849165638,1.4597198138878442e-06,True
0.0005,180,0.0010890059221253523,4.4835562347869673e-07,True
0.0005,181,5.290095647225712e-05,1.915216699642508e-06,True
0.0005,182,0.0011871817071309465,2.067988800837778e-06,True
0.0005,183,0.001146652601484277,-3.79193670196204e-08,True
0.0005,184,0.001175492892226515,9.115843942267277e-07,True
0.0005,185,0.001330517187987823,1.0888752996415785e-06,True
0.0005,186,0.0009609441957820763,7.383303339651703e-07,True
0.0005,187,0.0009253155260822155,1.7751224509060526e-07,True
0.0005,188,-0.0014694234669718753,-1.6759587146159688e-06,True
0.0005,189,-0.0007115117839653351,-1.3762146069667275e-06,True
0.0005,190,0.001067151776844355,1.095139268405404e-06,True
0.0005,191,0.0009304179013973624,1.8947420577265783e-06,True
0.0005,192,-0.00041589212821691035,5.298661970853935e-07,True
0.0005,193,-0.0003653959382177163,-3.764597566943695e-07,True
0.0005,194,-0.0015431841774393718,-6.305426064091846e-07,True
0.0005,195,-0.0009505908402438479,-1.5068461316734838e-07,True
0.0005,196,0.00017139048629388753,2.8704571048386585e-07,True
0.0005,197,-0.00047339430713932984,4.174478321072872e-07,True
0.0005,198,-0.0006202110022357488,-1.3128904662023516e-06,True
0.0005,199,-0.0005784767479681818,-1.650458482979622e-06,True
0.001,0,-0.0016914993470891204,-1.61877752585457e-06,True
0.001,1,0.000935900052510874,-5.0886536359651124e-08,True
0.001,2,0.0012460178962321322,1.2153309100690346e-06,True
0.001,3,-0.00134377298462951,-3.734753515130529e-06,True
0.001,4,-0.0028497733454919683,-2.8986430547495168e-06,True
0.001,5,-0.0012126637860703227,-4.78899229652309e-06,True
0.001,6,0.0009562332551382724,1.0226207202874982e-06,True
0.001,7,0.0006087408509642955,-9.680017204732189e-07,True
0.001,8,-0.0007035401852633072,1.7873957344760605e-07,True
0.001,9,0.0026105233403903583,1.3154162944502973e-06,True
0.001,10,-0.0014205895598706775,-3.0766807604040713e-07,True
0.001,11,-0.0005171885789749808,-8.221826054630177e-07,True
0.001,12,0.0007785812695999539,9.034785823994196e-08,True
0.001,13,0.0008879695960324341,1.187097662544434e-06,True
0.001,14,-0.0014280099072756514,-2.4889798264093876e-06,True
0.001,15,0.0012049806104528216,5.618011206433987e-07,True
0.001,16,-0.0002543386298192729,3.1817915538932817e-07,True
0.001,17,0.0015609530503510882,5.414168595351682e-06,True
0.001,18,0.001409271653880495,4.666497686794946e-06,True
0.001,19,0.00035827366858853793,-8.411118108050952e-07,True
0.001,20,0.0028208736692469927,3.7932511594979124e-06,True
0.001,21,-0.004007456688501776,-7.338728643039097e-06,True
0.001,22,-0.0020527754810899523,-4.0351406190367034e-07,True
0.001,23,0.0035799099004059087,2.254896068681206e-06,True
0.001,24,0.0007115234080750099,-1.2263940413221458e-06,True
0.001,25,-0.0010224584806373116,-3.6992782474487562e-06,True
0.001,26,0.000503454832919914,-2.8729551384415464e-07,True
0.001,27,-0.0003330974912891804,8.30626616916616e-07,True
0.001,28,0.0008847522184431966,-6.83211898111491e-07,True
0.001,29,0.0011371108457289836,3.754132110081465e-06,True
0.001,30,-0.0014584094761183053,1.1891573720133886e-06,True
0.001,31,4.525819835521361e-05,-4.750784935621255e-07,True
0.001,32,-0.00036485409969344573,-1.8048111158977531e-06,True
0.001,33,0.003562080957976832,4.389476481389543e-06,True
0.001,34,0.0007084043720979594,9.75798376653264e-07,True
0.001,35,-0.0010984879403324044,-3.0646965877567656e-07,True
0.001,36,-0.00043938541865529146,-4.327982951989051e-07,True
0.001,37,0.00048280904874076214,-6.995521726095577e-07,True
0.001,38,-0.0001006732319588366,-1.9693587345968183e-06,True
0.001,39,0.0025809327000203552,1.8783826097115708e-06,True
0.001,40,-0.0010019327993688876,1.803273629030766e-08,True
0.001,41,-0.0008090773029785225,-1.2465643142254429e-06,True
0.001,42,0.0007972066768395791,2.2407144485061398e-06,True
0.001,43,0.0013156277897579116,1.4377032377249632e-06,True
0.001,44,-0.0005715209738745841,-3.1403873091140344e-06,True
0.001,45,-0.0012601088805404004,-3.502387394858225e-06,True
0.001,46,-0.0002787212232640002,-2.2247412383158416e-07,True
0.001,47,-0.0016307708668428234,-7.484860665325777e-07,True
0.001,48,0.0025956923537187038,4.349267474938745e-06,True
0.001,49,0.0008840897351447552,9.552486439322327e-07,True
0.001,50,-0.0024327611250818393,-5.115461146412703e-07,True
0.001,51,0.001598022243708641,-2.5863366209105676e-08,True
0.001,52,-0.0006860705918505516,-7.687676197194737e-07,True
0.001,53,-0.0008136305962480606,1.5793328659776534e-06,True
0.001,54,0.0006253583585937861,1.592376731746406e-06,True
0.001,55,0.0004399302441520092,-1.0164847889689022e-06,True
0.001,56,-0.00039006658260021254,1.8901707006784702e-06,True
0.001,57,-0.00010203089359706041,7.898514671374202e-07,True
0.001,58,-0.0019765736571990544,-1.4321236122046693e-06,True
0.001,59,-0.002018994426514098,-5.292173304256853e-06,True
0.001,60,0.001355522740148274,-2.615656364557406e-07,True
0.001,61,0.001358940539684994,9.585640934096917e-07,True
0.001,62,-0.0020583245788330373,2.1077369228780785e-07,True
0.001,63,-7.958008301045538e-05,3.493830853826957e-06,True
0.001,64,0.0012627579597932481,2.4745635141716626e-06,True
0.001,65,0.005441226248226627,5.786369799727978e-06,True
0.001,66,-0.0024829852525272145,-2.2862192365011302e-06,True
0.001,67,-0.0004516610504659013,-7.870391001904564e-07,True
0.001,68,0.0008503782834026197,2.7360403069571354e-06,True
0.001,69,-0.0007149509625250516,-5.944250097075776e-07,True
0.001,70,-0.0019002224240729504,-9.971615724385652e-07,True
0.001,71,0.0002483539336779472,3.615474949255487e-06,True
0.001,72,0.000955946219427517,1.7817602009292943e-06,True
0.001,73,0.0025735063934426705,3.3213484481875444e-06,True
0.001,74,-0.000536856945444697,-3.1645142231813417e-06,True
0.001,75,-0.0015346337930353116,-1.269994067049085e-06,True
0.001,76,0.0010289084277772531,-2.0933471637316764e-06,True
0.001,77,-0.0009318698279408011,-2.3049948071132698e-06,True
0.001,78,-0.0008578806056647181,-1.434135922944585e-06,True
0.001,79,-0.0011589260724882422,-2.045523772734384e-06,True
0.001,80,0.001394092207878117,2.207608782670706e-06,True
0.001,81,0.000733202293783819,1.939940221414027e-06,True
0.001,82,-0.0008573669764295744,1.9897301496013542e-07,True
0.001,83,-0.0027991067781094614,-1.3081343196458955e-06,True
0.001,84,-0.0013377393109230695,3.197528932220861e-07,True
0.001,85,-0.003703770094293901,-3.76103458305313e-06,True
0.001,86,0.0016934665265111448,-6.741723429966318e-07,True
0.001,87,-0.00042101051217002805,-4.429703840456642e-06,True
0.001,88,0.0003496270304346183,1.342760355713818e-06,True
0.001,89,-0.00037073057832870404,1.03548326342226e-06,True
0.001,90,0.0019873628581805747,1.519665443091428e-06,True
0.001,91,-0.0016612743153423537,5.233884628891294e-07,True
0.001,92,-0.0005034991677490552,8.159675535870936e-07,True
0.001,93,0.0021949275540151802,7.836432820377409e-07,True
0.001,94,-0.000850974260732329,-1.5267994703145604e-06,True
0.001,95,-7.162706727470436e-05,1.7707624109172815e-06,True
0.001,96,0.0006679362877548556,-1.3042200565447498e-06,True
0.001,97,-0.00227414022686645,-5.275040606649017e-06,True
0.001,98,0.0017645507811323569,2.6816270372875817e-06,True
0.001,99,-0.0007823225711831583,-1.5035637135410451e-06,True
0.001,100,0.0003844224589251155,-1.988743502880433e-06,True
0.001,101,0.002272624293766512,1.2927579534655759e-06,True
0.001,102,0.00024092395829811153,-8.280968836447966e-07,True
0.001,103,0.0008017259854078418,-2.2348413766630493e-06,True
0.001,104,-0.0013230169077722564,-1.4362085990864137e-06,True
0.001,105,0.0030082946575937797,3.45240305662034e-06,True
0.001,106,-0.0006754923895400111,-6.518733673861743e-07,True
0.001,107,-0.0013966370585229981,-1.7267287242637291e-06,True
0.001,108,-0.00106703146053988,1.0295171497497202e-06,True
0.001,109,0.0012964058398594602,1.697769038995836e-06,True
0.001,110,0.0011771307342876014,7.918686096321237e-07,True
0.001,111,0.0024845364862322583,1.1789063599915162e-06,True
0.001,112,-0.000783626113129543,1.8826110800736207e-06,True
0.001,113,-0.0007483975767499373,-6.870007844828052e-07,True
0.001,114,-0.0011253237722073095,2.9669540450687204e-07,True
0.001,115,6.075772980551619e-05,-9.738000996337148e-07,True
0.001,116,-0.000539464374462284,1.2362568469793944e-07,True
0.001,117,-0.0007535255642885375,9.14095570361817e-07,True
0.001,118,0.0010756976569581411,4.185128990941492e-06,True
0.001,119,-0.0014650917537863961,-1.1614682481463773e-06,True
0.001,120,-0.0005787193701465299,-1.3236281333831035e-07,True
0.001,121,-0.000602344326502191,-6.352817446923786e-07,True
0.001,122,0.00010944951897684518,-1.1349145372617497e-06,True
0.001,123,-0.001154426773268824,-5.987875616661475e-07,True
0.001,124,0.0006177768033097664,-1.7482595476674134e-06,True
0.001,125,-0.0011241965937074383,-2.2107260396267425e-06,True
0.001,126,-0.0008079502705591324,1.36974118965065e-06,True
0.001,127,-0.002244557414570636,-4.300105431228468e-07,True
0.001,128,0.0016554558509511708,2.056919767054466e-06,True
0.001,129,0.0007455409760659393,-5.9874285873035e-07,True
0.001,130,-0.0018156539632911972,-6.093337541045879e-07,True
0.001,131,-0.001108495472617932,-8.467424776580079e-07,True
0.001,132,0.00283471034407512,3.471651820866062e-06,True
0.001,133,2.0146761077199926e-05,-2.5899985826860483e-07,True
0.001,134,-0.0007850455393381139,-1.1964594081835533e-06,True
0.001,135,0.0004670502572317048,5.261113457596944e-07,True
0.001,136,0.0017749752763691617,3.766490544676593e-06,True
0.001,137,0.0008806233613789516,5.595742660013947e-06,True
0.001,138,-0.000617791050725458,-9.881310964951484e-07,True
0.001,139,-0.0017272431546402345,-3.4365365019130983e-06,True
0.001,140,7.559269048940109e-05,1.900553147863443e-07,True
0.001,141,-0.001458111341609225,-2.8098818668966657e-06,True
0.001,142,0.0003780702120792512,4.462210948231321e-06,True
0.001,143,-8.360971962062536e-05,-3.249998448896785e-06,True
0.001,144,-0.0027155155946942955,-6.127837890269189e-06,True
0.001,145,-0.00015035360783599572,1.5336027730725177e-07,True
0.001,146,-0.0021013528247557645,-4.6532442636183086e-06,True
0.001,147,-0.0020041321959318736,-3.1382467978458006e-09,True
0.001,148,-0.00037970441028178925,8.187917054924831e-07,True
0.001,149,-0.00014400554056237524,-1.6433442814219046e-06,True
0.001,150,-0.0003877122885747042,7.762395955023677e-07,True
0.001,151,-0.0023900652377015774,-3.600617685822066e-06,True
0.001,152,0.0011586131411895906,1.8580798710511603e-06,True
0.001,153,-0.0023476983539403307,-2.662610461282716e-06,True
0.001,154,-0.0024768545624347382,-2.6311274219821545e-06,True
0.001,155,-0.0023133590614037303,-3.890333455634082e-06,True
0.001,156,0.0012590254884692342,2.7530479085619702e-06,True
0.001,157,-0.0009120888197813315,-4.3140868357695317e-07,True
0.001,158,-0.0019605813254841564,-5.59286215273333e-06,True
0.001,159,0.0010393757151696548,-4.0713195008021397e-07,True
0.001,160,0.0020766126695193066,3.8843021073937944e-06,True
0.001,161,-0.002684000552488186,-2.4884088117745062e-06,True
0.001,162,0.0007515796595747304,-5.090933265367026e-07,True
0.001,163,0.00047947093851874456,2.6780322409762636e-06,True
0.001,164,-0.002311955881427963,-5.585713362836475e-06,True
0.001,165,0.0056075033808582475,7.398918861633089e-06,True
0.001,166,-1.3901316151532228e-05,-6.246184986648945e-07,True
0.001,167,0.0008088971994624217,2.1522354716682623e-06,True
0.001,168,-0.00029445134649108695,4.206748730264942e-07,True
0.001,169,-9.680902091346866e-05,-3.4078141471459433e-06,True
0.001,170,0.0014853064884050582,-1.5766231957984461e-06,True
0.001,171,-0.0009771261143320942,-1.0585629292379078e-06,True
0.001,172,0.0016310036772786418,3.7748302729526118e-06,True
0.001,173,-0.000610226963761562,4.170777164072201e-06,True
0.001,174,0.000656110358693951,-1.0198950704115584e-07,True
0.001,175,0.0010063377068902923,3.1243575065315055e-07,True
0.001,176,0.0004903581106319166,2.354242525967609e-06,True
0.001,177,0.0014382834232691266,8.285825497181265e-07,True
0.001,178,-0.002792402046924991,-7.272341011558409e-07,True
0.001,179,0.0019704299528378044,2.3421059487174767e-06,True
0.001,180,-0.0018131105664522806,-8.210321848483443e-07,True
0.001,181,-0.0006440706213908243,-3.12140954060805e-06,True
0.001,182,-0.001059396693172232,2.7567789312593627e-06,True
0.001,183,0.0009134995671402635,-1.5049801712838096e-07,True
0.001,184,-0.0017481873056119923,-3.2642368727204413e-06,True
0.001,185,-0.00039555717357586673,9.622719864023355e-07,True
0.001,186,0.0010563947714068433,-6.012713492514754e-07,True
0.001,187,0.0011899267919588397,2.6984520573036797e-06,True
0.001,188,0.0015497157268526962,1.745945052035805e-06,True
0.001,189,-0.0007430302259727739,-1.5884946946553152e-06,True
0.001,190,-0.0013051389889788823,7.335581521245027e-07,True
0.001,191,0.0012651668810121919,4.76869927576104e-06,True
0.001,192,-0.0038734627740133476,-3.1518595251210646e-06,True
0.001,193,0.002326762059542631,3.065366238241135e-06,True
0.001,194,-0.0008719089933713065,-1.832080867484806e-06,True
0.001,195,0.0002561287390285827,7.352882126325511e-07,True
0.001,196,-0.0005839907963114399,-1.813271877555006e-06,True
0.001,197,0.0022437022521692995,2.2768969389717203e-06,True
0.001,198,-9.764066702899754e-05,1.115860783027639e-06,True
0.001,199,-0.0029484482538713053,-2.4608402052813533e-06,True
0.005,0,-0.004454624006768881,-6.9273453002244995e-06,True
0.005,1,0.013865793484193034,8.81398066594763e-06,True
0.005,2,0.004274361362185175,1.0064495802659945e-05,True
0.005,3,-0.001831499104433476,-2.743980886753261e-06,True
0.005,4,8.046641239545238e-05,8.763354828049061e-06,True
0.005,5,-0.004009361243063836,2.201660005158451e-06,True
0.005,6,0.007238501130068187,-9.653969147843666e-06,True
0.005,7,-0.0023804213131093377,9.809234134638273e-06,True
0.005,8,-0.003363688590205527,-5.843366341301212e-06,True
0.005,9,0.0018346638391975034,6.7816068177600775e-06,True
0.005,10,-0.016780697622007068,-3.1972638488721866e-05,True
0.005,11,4.185463410522061e-06,-1.1773824627480528e-05,True
0.005,12,0.005028897787248354,-8.164611762093849e-06,True
0.005,13,-0.004795619153764363,1.1298058692049348e-05,True
0.005,14,-0.0008787003550949635,-9.177710293316321e-06,True
0.005,15,0.007665844207014771,6.264403237924571e-06,True
0.005,16,-0.017117873530818173,-1.7269151000139787e-05,True
0.005,17,0.0008974873839058262,9.56463231184361e-06,True
0.005,18,9.078545859964038e-05,3.7807622032398625e-06,True
0.005,19,0.00010518609722964811,-1.2072487476470772e-06,True
0.005,20,0.007797318762509775,1.6859086189292827e-05,True
0.005,21,0.004482032901769628,1.0769857348953e-05,True
0.005,22,-0.01771955491366839,-4.732332581244836e-05,True
0.005,23,0.003583907947561471,1.2594267007145013e-05,True
0.005,24,0.009185647059311464,6.010720045003526e-06,True
0.005,25,-0.003995941121232249,-1.2724051295352062e-05,True
0.005,26,0.00554749817431599,4.418854944832767e-06,True
0.005,27,-0.01091632806598497,-2.4362219902034077e-05,True
0.005,28,-0.00266383699771211,-1.3602577021317591e-05,True
0.005,29,0.00019033998204420755,-4.425415492753659e-06,True
0.005,30,-0.0020284690049905407,-4.9819987086099915e-06,True
0.005,31,-0.002325390521448867,-1.8030834772638643e-05,True
0.005,32,-0.00617473053739559,-7.241864501225659e-06,True
0.005,33,0.011636142662251103,6.805037505944883e-06,True
0.005,34,0.0023523538512542075,-6.289815185316419e-06,True
0.005,35,-0.006867012401070127,-7.361951362160057e-06,True
0.005,36,-0.007634289552079565,-2.8894526115479102e-06,True
0.005,37,0.008592701394452007,1.0265770700474547e-05,True
0.005,38,0.01131413056006636,2.1943174379833452e-05,True
0.005,39,0.012945864061208567,2.0605623330938877e-05,True
0.005,40,0.0006293625625772847,1.3200430518525014e-05,True
0.005,41,0.011548470324211024,1.0638164185578641e-05,True
0.005,42,0.012031196027209035,1.763297886065926e-05,True
0.005,43,0.016904834258038903,1.3803728552801153e-06,True
0.005,44,-0.004626537006867437,-8.46073916591604e-06,True
0.005,45,-0.0025010551003035175,1.1295027482288722e-05,True
0.005,46,0.006081910254444267,1.356102210667981e-05,True
0.005,47,9.972476833297605e-05,7.263538421516114e-06,True
0.005,48,0.009780267789935237,1.319825809915215e-05,True
0.005,49,0.007848833213497386,1.1833568763486985e-05,True
0.005,50,0.0014997300451753404,-7.422548480981103e-06,True
0.005,51,-0.009140048186203842,-3.4388172203709405e-06,True
0.005,52,-0.0020666266872737538,1.479765190709123e-05,True
0.005,53,-0.003282983789095084,-1.4499539206864337e-05,True
0.005,54,0.0011163117472356987,9.570559739949247e-06,True
0.005,55,-0.014466171839536912,-1.1808898012884844e-05,True
0.005,56,0.0034660651647051566,-7.773010137844538e-06,True
0.005,57,-0.004812127639794994,-6.029923723741004e-06,True
0.005,58,0.003632454567210175,-9.2068972188733e-06,True
0.005,59,0.003681089901597545,2.6605374561991524e-06,True
0.005,60,0.002389381754891673,4.880090851346053e-06,True
0.005,61,0.002484420532969267,-8.257797226549762e-06,True
0.005,62,0.010079245937610892,6.071373647519029e-06,True
0.005,63,0.0077549611579996736,-2.664387270907495e-06,True
0.005,64,-0.016600301728626476,-1.5424935106830504e-05,True
0.005,65,-0.0026210975707705586,3.9772559178793965e-06,True
0.005,66,0.007008701845890641,3.2026655998520365e-06,True
0.005,67,0.0033244043166611448,5.648837688177963e-06,True
0.005,68,-0.006487989455060017,-1.7785624636435654e-05,True
0.005,69,-0.009068702741352297,-4.522470387662708e-06,True
0.005,70,-0.005364544599686383,-1.2427273694635282e-05,True
0.005,71,-0.009481770335000306,-2.0906049894055256e-06,True
0.005,72,-0.0019294020913278587,-4.4019443895641774e-06,True
0.005,73,0.010648335973623801,1.723551790168941e-05,True
0.005,74,0.0020097872972257846,1.0194685874723164e-06,True
0.005,75,-0.007977081352844806,-6.678243160855579e-06,True
0.005,76,0.00993589428959396,6.048484536367443e-06,True
0.005,77,-0.002154013876502603,-9.649214990895341e-06,True
0.005,78,-0.004545214357385419,7.279275054788634e-06,True
0.005,79,0.00488993294757023,-4.4182173084342247e-07,True
0.005,80,0.00999975076583226,-3.878815159383264e-06,True
0.005,81,0.015537743160042083,2.9433344453853177e-05,True
0.005,82,0.008223233971591526,1.94166610722607e-05,True
0.005,83,0.00876099544544573,-6.291185388562423e-06,True
0.005,84,0.00265787407192164,4.543305633410155e-06,True
0.005,85,0.016167966150280932,1.0986028116589941e-05,True
0.005,86,0.0007946590163427913,8.560602271483891e-06,True
0.005,87,-0.0006231498143414171,-8.534258384228222e-06,True
0.005,88,0.00513989639677348,1.2888179668903849e-05,True
0.005,89,-0.013420227711534949,-2.43360946177891e-05,True
0.005,90,0.00785894523846764,1.5342998249671946e-05,True
0.005,91,-0.009154548918267835,-7.81371427101274e-06,True
0.005,92,-3.5142085831552095e-05,8.409749054277826e-06,True
0.005,93,0.018365708923091972,1.989565759797675e-05,True
0.005,94,-0.010046817475870995,-7.531569510945205e-06,True
0.005,95,0.0009576180062431661,-8.749918780377036e-06,True
0.005,96,0.004354387808145788,-8.930494786972554e-07,True
0.005,97,0.007684380242711342,1.9869054384127893e-05,True
0.005,98,-0.0014781221803517042,-1.0939910962726868e-05,True
0.005,99,-0.006919779227470002,-8.737357464101703e-06,True
0.005,100,0.002631114416249858,7.9197596171178e-06,True
0.005,101,-0.008708989894412156,-1.567947209701187e-05,True
0.005,102,-0.00369862526404674,-6.429179770242599e-06,True
0.005,103,0.0019983820922462314,5.9310989030201405e-06,True
0.005,104,-0.010338611622422889,-2.221609460614088e-06,True
0.005,105,-0.0011239420189284033,4.735066066678673e-06,True
0.005,106,0.0024259227945506723,3.6119192823244606e-06,True
0.005,107,0.005124456252019627,6.677345875902643e-06,True
0.005,108,-0.0008053421406977179,1.3895069131686366e-05,True
0.005,109,0.004235041582816734,1.7178231107601444e-05,True
0.005,110,-0.008139556003911252,-5.959983824133097e-06,True
0.005,111,-0.004844742438837812,-1.0123572614741116e-05,True
0.005,112,-0.0049030173100739205,2.038703416168408e-06,True
0.005,113,-0.00553324780570108,-1.5542213281729417e-05,True
0.005,114,0.015562761904625688,1.6197332630456945e-05,True
0.005,115,-0.0037763244709978494,3.4189836368297977e-08,True
0.005,116,0.009907603166013246,1.2033198174627585e-05,True
0.005,117,0.0064474157230769436,1.7335377145825254e-05,True
0.005,118,-0.0011982871149385232,-1.1416210853733982e-05,True
0.005,119,-0.008113786755977515,-3.0017529468035625e-05,True
0.005,120,-0.00019382637641385259,-1.1071359854727264e-05,True
0.005,121,0.009859256483892409,3.280044426050635e-05,True
0.005,122,0.010133992825164029,4.124054784700529e-06,True
0.005,123,-0.0037390649083413052,-1.775239841739218e-06,True
0.005,124,-0.0044671070801527435,4.010565741466299e-06,True
0.005,125,0.0008207766693217877,1.2423517639342102e-05,True
0.005,126,-0.0038447466575242117,1.3698612570389734e-06,True
0.005,127,-0.003996891203545516,-2.7155570520194516e-07,True
0.005,128,-0.015481941504166485,-1.3788781911133752e-05,True
0.005,129,-0.014426528254631421,-2.2718646426334033e-06,True
0.005,130,0.0013360908298807317,-5.915139229753161e-06,True
0.005,131,-0.009357589392436694,-2.1601327258036207e-05,True
0.005,132,-0.0010416176734260318,1.4594424276731521e-06,True
0.005,133,-0.0215803432529853,-2.7657353289082393e-05,True
0.005,134,-0.009386373435312123,-1.85577860168408e-05,True
0.005,135,-0.003199472138526005,-2.058860007798924e-05,True
0.005,136,0.01116594086211009,1.3134525139284203e-05,True
0.005,137,0.004352228801160152,-1.7307334027501231e-06,True
0.005,138,0.003199739603871876,3.18576033463136e-06,True
0.005,139,-0.00703859994533218,-1.682426878241855e-05,True
0.005,140,-0.0012871335677182572,-6.921817585974627e-06,True
0.005,141,-0.008163249740714917,-6.496943809931183e-06,True
0.005,142,0.00034263176988957866,-9.73798941848042e-07,True
0.005,143,0.014447139135871367,1.128707737458115e-05,True
0.005,144,-0.012373801111632332,3.6095842810418555e-06,True
0.005,145,0.0006896761130477103,4.019980043543786e-06,True
0.005,146,0.0027288427582696784,3.254857700057956e-06,True
0.005,147,0.0020774706503523532,-1.7050752828765697e-06,True
0.005,148,-0.009962970460364318,-8.018909904893012e-06,True
0.005,149,0.014048737643946652,2.084264339012598e-05,True
0.005,150,-0.001054455249729358,-1.2615706292431333e-05,True
0.005,151,-0.0005399029281250023,8.821817746522409e-06,True
0.005,152,-0.006274324450917135,1.5713738433599522e-05,True
0.005,153,-0.0003775009905311322,5.825846988733591e-06,True
0.005,154,0.01708707740325366,1.3994790366931437e-05,True
0.005,155,0.005371328865976466,8.338307510439083e-06,True
0.005,156,0.012871697213281408,7.163208575255292e-06,True
0.005,157,0.0017265927909377865,1.3167853644822924e-05,True
0.005,158,-0.006518487042036725,-1.3989649054163555e-05,True
0.005,159,0.005947220020107835,5.420718938463354e-06,True
0.005,160,-0.005907231363725174,1.3837313917759025e-06,True
0.005,161,-0.013746381098638238,-1.4742753912905943e-05,True
0.005,162,0.006040092437938682,1.725798627600847e-06,True
0.005,163,0.022201370888399907,2.0450010536635782e-05,True
0.005,164,0.013807590902167988,2.4245894604165916e-05,True
0.005,165,0.006259990842437446,1.0826246374990092e-05,True
0.005,166,0.007258351660549778,1.2004702287932156e-05,True
0.005,167,0.005301034991301634,8.937580926370037e-06,True
0.005,168,0.006497219250952924,4.6319811556928825e-06,True
0.005,169,-0.002909359094044106,-1.0823799369168163e-05,True
0.005,170,0.004791714466882979,1.1697615621978491e-05,True
0.005,171,0.002943388185183693,2.7987752080245454e-06,True
0.005,172,0.0068205696632794854,3.19282365701494e-06,True
0.005,173,0.007293797930856272,1.3058183917578903e-05,True
0.005,174,-0.002473985599177553,-2.0158587755378377e-06,True
0.005,175,-0.0015576195612965194,1.0044855612864265e-05,True
0.005,176,0.0064445437509270675,-3.3605970668672963e-06,True
0.005,177,-0.010872047722045863,-1.6653865802348372e-05,True
0.005,178,-0.0030734517991923838,4.473452735159755e-06,True
0.005,179,-0.0030119930653356164,1.2650595342580256e-05,True
0.005,180,-0.0052430392803408665,4.2880477741421424e-06,True
0.005,181,0.0016102116689431512,4.750546906694825e-06,True
0.005,182,-0.001728325182579482,-2.977640183820379e-06,True
0.005,183,-0.012055937672169392,-1.2426544584991095e-05,True
0.005,184,0.018724155553936583,1.667574224136978e-05,True
0.005,185,0.0018846850310083596,1.3044659546410792e-05,True
0.005,186,0.0014005425447791708,3.791328620099399e-06,True
0.005,187,-0.013091226262233135,-1.616924506825379e-05,True
0.005,188,0.006033490938609276,-4.636570299424575e-06,True
0.005,189,0.0005820863393459774,1.8203077402842438e-06,True
0.005,190,-0.002208294571385494,-1.2162414433317115e-05,True
0.005,191,-0.005647122801825333,-3.460788234009582e-07,True
0.005,192,-0.00830824197581137,-1.9012024598707294e-05,True
0.005,193,0.011757873798458718,1.0772275500985778e-05,True
0.005,194,0.00463280341081429,8.840768575293229e-06,True
0.005,195,-0.004182758909546891,4.93894824263319e-06,True
0.005,196,0.0026626421102911024,1.0021904803567822e-05,True
0.005,197,-0.00948535021971253,-2.619883666029818e-05,True
0.005,198,0.00534273989788403,3.2759846888413824e-06,True
0.005,199,-0.009103070461641494,-1.3526527099644997e-05,True
0.01,0,0.01815618305308675,1.5953458755990635e-05,True
0.01,1,-0.027438935792542196,-1.0853901935571272e-05,True
0.01,2,0.004749821475368066,-8.082256239990565e-06,True
0.01,3,-0.01806869014168555,-1.5023584483582486e-05,True
0.01,4,0.005703126503046718,1.2181792323975524e-05,True
0.01,5,0.02112360658457746,7.139212959368646e-06,True
0.01,6,0.006115429555329399,2.3139356475021522e-05,True
0.01,7,0.024303841686123207,2.8044964170158282e-05,True
0.01,8,-0.036409212363182064,-3.949778775501865e-05,True
0.01,9,-0.001888735262259189,-6.598118716949486e-07,True
0.01,10,-0.021423971855167423,-2.9258702269233106e-05,True
0.01,11,-0.019441140490165765,-5.1743015745741444e-05,True
0.01,12,0.011493812304227191,-1.191707208418255e-05,True
0.01,13,-0.005566660893506992,-2.8296116319445966e-05,True
0.01,14,-0.024862307116364946,-2.2736794460732207e-05,True
0.01,15,-0.011752081254051916,-1.505165164477143e-05,True
0.01,16,0.018064666133437157,3.2472460946045625e-05,True
0.01,17,-0.03266744587057957,-2.2638955280408768e-05,True
0.01,18,-0.014834273934823727,1.3886823490287525e-05,True
0.01,19,-0.014918717333298304,-2.7208252717736414e-05,True
0.01,20,0.03170101312201723,5.772560644125811e-05,True
0.01,21,0.0008785143820659869,1.6624101484851578e-05,True
0.01,22,0.008425594446968887,1.4072316656777578e-05,True
0.01,23,-0.017740566368132704,-2.0490441501177376e-05,True
0.01,24,-0.0006091907169185617,1.3539867536500882e-05,True
0.01,25,-0.03588381805958463,-5.866457963221543e-05,True
0.01,26,0.00507662777020812,3.1269538185753343e-06,True
0.01,27,0.007370452578413733,3.355637327796812e-05,True
0.01,28,-0.012226350800062846,9.078113607445537e-06,True
0.01,29,-0.04416429950593326,-8.600835053167166e-05,True
0.01,30,-0.016273568466157684,-1.7901300184770125e-05,True
0.01,31,0.01613435037644706,4.347694582949001e-05,True
0.01,32,0.02170438735179303,3.8764372781677214e-05,True
0.01,33,0.005149188932474402,3.5896933885861543e-06,True
0.01,34,0.021045728503992223,6.530271388691805e-05,True
0.01,35,-0.007482888669930077,-7.06645907043793e-06,True
0.01,36,-0.004020776110987612,1.4850272330758918e-07,True
0.01,37,-0.010858241134449997,-5.68511925498269e-06,True
0.01,38,0.008027989340064323,2.2352901774349426e-05,True
0.01,39,-0.023348196973877577,-7.798346836129094e-06,True
0.01,40,0.011967448363236599,7.731731668316616e-06,True
0.01,41,0.03178152922392741,3.762750535946796e-05,True
0.01,42,-0.009012557660089016,-2.354674824745634e-05,True
0.01,43,0.0030236984509777187,4.111210324595632e-06,True
0.01,44,0.014795093891844857,3.347382272348917e-05,True
0.01,45,0.007766006362302846,-5.792754513803122e-06,True
0.01,46,-0.011515245712971023,-2.456846400955212e-05,True
0.01,47,0.02542846208117311,2.559479945555762e-05,True
0.01,48,-0.003977753662361749,-1.7016320159497778e-05,True
0.01,49,0.012093859805251128,2.370925795677943e-05,True
0.01,50,0.02372020069922698,2.375155454811123e-05,True
0.01,51,-0.0010359307053420252,2.4950399208681015e-05,True
0.01,52,-0.015739223224329635,-2.6278815059529656e-05,True
0.01,53,-0.023188518424216653,-2.1950429396688093e-05,True
0.01,54,0.019215850610379448,4.604654891183016e-05,True
0.01,55,-0.018963971357614184,-3.7483495607740225e-06,True
0.01,56,0.023990908554225143,4.047106615500534e-05,True
0.01,57,-0.021411281608823884,-4.0518458774134805e-05,True
0.01,58,0.001255776738346981,-2.9057171508901566e-05,True
0.01,59,-0.017235951284128248,1.7438943924995287e-06,True
0.01,60,0.0037189454851258574,1.1748023737110161e-05,True
0.01,61,0.027397989533906042,3.243140208959022e-05,True
0.01,62,-0.03368948426126295,-5.633999196968942e-05,True
0.01,63,-0.011275132502081675,-4.032648371194575e-06,True
0.01,64,0.0031175074176985618,-1.4076464184477333e-05,True
0.01,65,-0.01301455363765669,-8.159261399151227e-06,True
0.01,66,-0.0076431326342287775,-1.5248305959201375e-05,True
0.01,67,-0.0007157581495143006,4.2568705451856426e-06,True
0.01,68,0.018443093934038757,2.0108037659243364e-05,True
0.01,69,0.005991530135336376,-5.050104682890327e-06,True
0.01,70,0.0011641273688063336,-1.0930584849806746e-05,True
0.01,71,-0.005332421539588239,2.072777411042323e-06,True
0.01,72,0.0002185948312671826,-6.09938702950813e-06,True
0.01,73,0.02030995744327413,1.6745131896176574e-06,True
0.01,74,0.009565297830718578,-1.9757615308743648e-05,True
0.01,75,-0.02003848047832335,-3.207157101695231e-05,True
0.01,76,0.001071941877750504,7.660506242401777e-06,True
0.01,77,0.0034570760898056108,-2.1365632037029236e-05,True
0.01,78,0.022698209711798256,-4.11119238912655e-06,True
0.01,79,0.019939365492753325,-3.4707292826743896e-06,True
0.01,80,0.005244445980128631,1.034056644291792e-05,True
0.01,81,-0.031130939232326682,-3.737892583742519e-05,True
0.01,82,0.01782763417205757,4.1889641354302815e-05,True
0.01,83,0.0013972405642910246,-4.379441677134638e-07,True
0.01,84,-0.01800516870683566,-5.4560169078579634e-06,True
0.01,85,-0.018434396628947525,-4.719569237521953e-06,True
0.01,86,0.0021516102627714417,-4.500394494511006e-06,True
0.01,87,0.021858966671643998,1.381979265376379e-05,True
0.01,88,0.020743657406313787,2.5514231181028232e-05,True
0.01,89,0.0003492803465263705,1.0155565439757056e-05,True
0.01,90,0.007110694822586083,-1.2307898896867994e-05,True
0.01,91,0.0016384839908845095,-4.9093141918366e-06,True
0.01,92,-0.008370831216453212,-2.1483303591213893e-05,True
0.01,93,-0.017255859113138428,-1.1001217369837474e-05,True
0.01,94,0.020239887818746638,1.1209553252341381e-05,True
0.01,95,-0.006670336628641138,-1.886471122929459e-05,True
0.01,96,0.00887939832521667,5.402573981697079e-06,True
0.01,97,-0.00864037880948132,-1.2327136574103933e-05,True
0.01,98,-0.013765396246597561,-2.6642755320459288e-05,True
0.01,99,-0.004148104697478061,-2.033356212275024e-05,True
0.01,100,-0.008920820029445053,1.3744992663107525e-06,True
0.01,101,-0.0016353672402580344,1.554213402860799e-05,True
0.01,102,-0.020268155835463375,-1.2596983269445167e-05,True
0.01,103,-0.01385057472997886,-2.755913471647574e-05,True
0.01,104,0.0008931510613976457,7.737444985278508e-06,True
0.01,105,-0.0048723893423563425,7.36354229014316e-06,True
0.01,106,0.010054191709478744,3.2768009155328265e-05,True
0.01,107,-0.021529350528751934,-3.1969720496495546e-05,True
0.01,108,-0.0037067685200327105,2.0526339107977687e-06,True
0.01,109,0.007759398433492493,-1.2289301399169908e-05,True
0.01,110,0.030982723642114962,2.4016165866631162e-05,True
0.01,111,-0.0035580606441065754,1.1450826026389305e-05,True
0.01,112,-0.001252294462609882,-6.963230735929082e-06,True
0.01,113,0.009606436842425126,-2.8951817777877684e-05,True
0.01,114,0.013077744065952857,3.398382554272231e-05,True
0.01,115,0.003415023147759655,2.0463636762536874e-05,True
0.01,116,-0.011848574913678078,-1.2632820073694984e-05,True
0.01,117,-0.030987365932354294,-8.077867188149845e-06,True
0.01,118,0.024617021356384328,4.1293033155963624e-05,True
0.01,119,-0.007559832821790735,3.3050455518403993e-06,True
0.01,120,-0.013996557134710486,-7.180108473205105e-06,True
0.01,121,-0.009013588147709584,-1.9330098135206253e-05,True
0.01,122,0.006579202975380838,2.309032039683051e-05,True
0.01,123,-0.017236480266781484,-1.0684442640823688e-05,True
0.01,124,-0.019855100276007676,-3.1387790068983235e-05,True
0.01,125,-0.010778526288707013,-2.5485139064187687e-05,True
0.01,126,0.012184963736739718,-1.4175222656058473e-05,True
0.01,127,-0.006974935708711882,-4.136275795049542e-05,True
0.01,128,0.01082015873944897,-6.4272494769025e-06,True
0.01,129,-0.011057138566254565,-1.9445954281275407e-05,True
0.01,130,0.011149634407921383,1.0754630867366999e-05,True
0.01,131,0.034415163290223205,3.045113160590751e-05,True
0.01,132,0.0010751680107858874,-4.0716988832789625e-06,True
0.01,133,0.001792075594639897,-1.4048316097567404e-07,True
0.01,134,-0.001817016280849515,6.189294936479947e-06,True
0.01,135,-0.010431078494331558,-1.000613420887482e-05,True
0.01,136,0.002657832093394319,2.094132358662279e-05,True
0.01,137,-0.03937445048252286,-7.686116364799198e-05,True
0.01,138,-0.00903146863070603,2.14446550865742e-05,True
0.01,139,0.00497328517450768,3.2125612742026424e-05,True
0.01,140,0.0013530036874094264,2.2392614187738413e-05,True
0.01,141,0.002249957031281724,-8.471194943293625e-07,True
0.01,142,0.018159995979090127,2.3489780734650342e-05,True
0.01,143,0.004072393642548633,3.234791566149656e-05,True
0.01,144,-0.010777388282054545,-3.0943914177614107e-06,True
0.01,145,-0.013949946849450612,7.447175876446055e-06,True
0.01,146,-0.006424517437888966,-1.0471516746221946e-05,True
0.01,147,0.018700923475705622,1.62944380333388e-05,True
0.01,148,0.01608158438911289,1.8586518791382373e-05,True
0.01,149,-0.0018040054872301425,-1.0507366874600022e-05,True
0.01,150,0.010702573146492256,-1.2057865614025984e-05,True
0.01,151,0.015133825431057346,3.304264562044995e-06,True
0.01,152,-0.03969033950297529,-4.105927335041129e-05,True
0.01,153,-0.009332700109766279,-2.9058068678207427e-05,True
0.01,154,0.0037434031373528853,-1.2064212047739609e-05,True
0.01,155,-0.00034014731629739003,2.510556316892565e-06,True
0.01,156,-0.012110354838739568,-3.957562534306208e-06,True
0.01,157,0.0037700969192435707,-1.6298962851178656e-05,True
0.01,158,-0.0020871724882702836,-1.595096417899254e-05,True
0.01,159,-0.030042913402727578,-2.965359075064733e-05,True
0.01,160,0.003814715039492711,-3.056475038709476e-05,True
0.01,161,-0.0035130739955668844,9.167665370922451e-06,True
0.01,162,0.0070990695581869545,-8.908938690811025e-06,True
0.01,163,-0.007642144248581673,-1.2712417654409114e-05,True
0.01,164,0.015728080033373004,1.2198888005111874e-05,True
0.01,165,-0.00241057066572381,7.25356011034399e-06,True
0.01,166,-0.030756336935990447,-3.7254365050969074e-05,True
0.01,167,0.006263381315473993,1.652748930490444e-05,True
0.01,168,0.023925725274274612,2.9315911040307674e-05,True
0.01,169,-0.031013470930219,-2.2320354088480043e-05,True
0.01,170,-0.01770071735130685,-2.4766940248267116e-05,True
0.01,171,-0.011958720102974496,-2.583235080909005e-05,True
0.01,172,0.011612964030874195,-2.88004620185682e-06,True
0.01,173,-0.003392762961510698,5.537068151682117e-06,True
0.01,174,0.031929726141068926,2.1618393910117356e-05,True
0.01,175,0.020671895986399846,-2.8137063579659893e-06,True
0.01,176,0.0027564482433639625,2.326944805515485e-06,True
0.01,177,-0.0013526589059118521,-3.928018997384486e-05,True
0.01,178,-0.007724390775670997,6.498277373638561e-06,True
0.01,179,-0.01888325148373937,-1.8284068782105367e-07,True
0.01,180,-0.008222974969868346,-2.1259550501851604e-05,True
0.01,181,-0.0013084213729790406,-9.868407338853302e-06,True
0.01,182,-0.0083950691679604,-2.6830967230929287e-05,True
0.01,183,-0.006152790057768698,-3.319666554191594e-05,True
0.01,184,0.010657290830504706,9.037222799570394e-06,True
0.01,185,0.0354469052780324,5.2222044439146145e-05,True
0.01,186,-0.013722243210231966,1.8159283968796625e-05,True
0.01,187,0.022803535471588532,3.213998663618642e-05,True
0.01,188,0.008140230591081377,7.363114304402563e-06,True
0.01,189,0.003571423974960908,1.4756590433616379e-05,True
0.01,190,-0.00918231369519873,-1.3624364015325102e-05,True
0.01,191,-0.010202036609197052,5.2550506649609585e-06,True
0.01,192,-0.009986189793391276,-2.2612137966426457e-05,True
0.01,193,-0.0006908942089864922,-6.562142628428053e-06,True
0.01,194,-0.006701061797155461,4.96792900746626e-06,True
0.01,195,-0.003520439951419263,-1.4783111094943124e-05,True
0.01,196,0.008646524602241357,1.5808135681687208e-06,True
0.01,197,-0.0037213121888726164,-1.560039983457273e-05,True
0.01,198,-0.01954021247427562,-5.929320127676108e-06,True
0.01,199,0.02260193839510194,1.3630127132782319e-05,True
